event_id,ticker,catalyst_type,catalyst_date,indication_text,is_cns,status
1000000,NRIX,Phase1,2026-06-11,Bexobrutideg (NX-5948),0,upcoming
1000001,Meeting,Other,2026-06-11,European Hematology Association (EHA),0,upcoming
1000002,CCCC,Phase1,2026-06-12,Cemsidomide (CFT7455) +/- dexamethasone,0,upcoming
1000003,CRBU,Phase1,2026-06-12,Vispa-cel (CB-010),0,upcoming
1000004,SNDX,Phase1/2,2026-06-12,Revumenib (SNDX-5613) + venetoclax + decitabine and cedazuridine,0,upcoming
1000005,INCY,Phase1,2026-06-12,INCA033989 (mCALR),0,upcoming
1000006,SNDX,Phase1,2026-06-12,Revumenib w/ 7+3 cytarabine + daunorubicin,0,upcoming
1000007,KURA,Phase1,2026-06-12,Ziftomenib + venetoclax/azacitidine,0,upcoming
1000008,ABBV,Phase1/2,2026-06-12,Etentamig (ABBV-383) (BCMAxCD3 Bispecific),0,upcoming
1000009,CLLS,Phase1,2026-06-13,UCART22,0,upcoming
1000010,CLYM,Phase1/2,2026-06-13,Budoprutug (CD19 Antibody),0,upcoming
1000011,SNDX,Phase1/2,2026-06-13,Revuforj/Revumenib (SNDX-5613) + Mezigdomide (CELMod) (Menin Inhibitor),0,upcoming
1000012,GILD,Phase1,2026-06-13,KITE-753 (CAR-T Therapy),0,upcoming
1000013,CRBU,Phase1,2026-06-14,CB-011,0,upcoming
1000014,KURA,Phase1,2026-06-14,Ziftomenib + venetoclax/azacitidine (ven/aza) or cytarabine/daunorubicin (7+3),0,upcoming
1000015,APTOF,Phase1/2,2026-06-14,Tuspetinib / Venetoclax / Azacitidine  triplet,0,upcoming
1000016,LEGN,Phase1,2026-06-14,LB2501 (In Vivo CAR-T),0,upcoming
1000017,QURE,Phase1/2,2026-06-18,AMT-260,0,upcoming
1000018,BCYC,Phase1/2,2026-06-30,"BT7480 (Nectin-4 CD137, TICA)",0,upcoming
1000019,ACIU,Phase1/2,2026-06-30,ACI-24.060 (anti-Abeta vaccine),0,upcoming
1000020,TCRX,Phase1,2026-06-30,TSC-101,0,upcoming
1000021,PASG,Phase1/2,2026-06-30,PBFT02 (AAV1),0,upcoming
1000022,NVS,Phase3,2026-06-30,Delpacibart Braxlosiran (del-brax/AOC 1020),0,upcoming
1000023,TSHA,Phase1/2,2026-06-30,TSHA-102 ,0,upcoming
1000024,VSTM,Phase1/2,2026-06-30,"Avutometinib (VS-6766), + defactinib+gemcitabine/nab-paclitaxel",0,upcoming
1000025,HOWL,Phase1/2,2026-06-30,WTX-330 (IL-2 INDUKINE™),0,upcoming
1000026,MRKR,Phase1,2026-06-30,MT-601 (Neldaleucel),0,upcoming
1000027,TSHA,Phase1/2,2026-06-30,TSHA-102,0,upcoming
1000028,PHIO,Phase1,2026-06-30,PH-762,0,upcoming
1000029,VSTM,Phase1/2,2026-06-30,GFH375 (VS-7375),0,upcoming
1000030,CNTX,Phase1,2026-06-30,CTIM-76,0,upcoming
1000031,CHRS,Phase1,2026-06-30,CHS-114 (SRF114),0,upcoming
1000032,KTTA,Phase1,2026-06-30,PAS-004,0,upcoming
1000033,AQST,Phase1,2026-06-30,AQST-108 (epinephrine) Topical Gel,0,upcoming
1000034,HCWB,Phase1,2026-06-30,HCW9302,0,upcoming
1000035,AMLX,Phase1,2026-06-30,AMX0114,0,upcoming
1000036,DFTX,Phase3,2026-06-30,MM120 (lysergide D-tartrate),0,upcoming
1000037,IPHA,Phase1,2026-06-30,IPH4502,0,upcoming
1000038,ARGX,Phase1,2026-06-30,ARGX-213,0,upcoming
1000039,ARGX,Phase1,2026-06-30,ARGX-121,0,upcoming
1000040,PRQR,Phase1,2026-06-30,AX-0810,0,upcoming
1000041,OSTX,Phase1,2026-06-30,OST-504,0,upcoming
1000042,CAPR,Phase1,2026-06-30,StealthX vaccine,0,upcoming
1000043,EWTX,Phase1,2026-06-30,EDG-15400,0,upcoming
1000044,ABSI,Phase1/2,2026-06-30,ABS-201,0,upcoming
1000045,FBRX,Phase1,2026-06-30,FB102 (Anti-CD122 Antibody),0,upcoming
1000046,MCRB,Phase1,2026-06-30,SER-155 (Live Biotherapeutic),0,upcoming
1000047,ONC,Phase1,2026-06-30,BGB-16673 (BTK Degrader),0,upcoming
1000048,ADXN,Phase1,2026-06-30,NTX-253 (Muscarinic M4 PAM),0,upcoming
1000049,Meeting,Other,2026-07-12,Alzheimer's Association International Conference (AAIC),0,upcoming
1000050,Meeting,Other,2026-07-12,Alzheimer's Association International Conference (AAIC) ,0,upcoming
1000051,Meeting,Other,2026-07-15,American Society of Retina Specialists (ASRS),0,upcoming
1000052,Meeting,Other,2026-07-15,American Society of Retina Specialists (ASRS),0,upcoming
1000053,AURA,Phase1/2,2026-08-15,Belzupacap Sarotalocan (Bel-sar) (AU-011),0,upcoming
1000054,RCUS,Phase1,2026-08-15,Casdatifan + Cabozantinib,0,upcoming
1000055,NVCT,Phase1,2026-08-15,NXP900,0,upcoming
1000056,PMN,Phase1,2026-08-15,PMN310,0,upcoming
1000057,NGNE,Phase1/2,2026-08-15,NGN-401 ,0,upcoming
1000058,RYTM,Phase1/2,2026-08-15,RM-718,0,upcoming
1000059,RPTX,Phase1,2026-08-15,RP-1664 ,0,upcoming
1000060,DFTX,Phase3,2026-08-15,MM120 (lysergide D-tartrate),0,upcoming
1000061,MGNX,Phase1,2026-08-15,MGC026,0,upcoming
1000062,CRBP,Phase1,2026-08-15,CRB-913,0,upcoming
1000063,CLRB,Phase1/2,2026-08-15,CLR 121125,0,upcoming
1000064,PYXS,Phase1,2026-08-15,"Micvotabart pelidotin (MICVO, formerly PYX-201)",0,upcoming
1000065,ABCL,Phase1,2026-08-15,ABCL575,0,upcoming
1000066,SION,Phase1,2026-08-15,SION-451 ,0,upcoming
1000067,STRO,Phase1,2026-08-15,STRO-004,0,upcoming
1000068,CLRB,Phase1/2,2026-08-15,CLR 125,0,upcoming
1000069,HRMY,Phase1,2026-08-15,BP1.15205,0,upcoming
1000070,DAWN,Phase1,2026-08-15,Emi-Le/Emiltatug Ledadotin (Emi-Le) (B7-H4 ADC),0,upcoming
1000071,CHRS,Phase1,2026-08-15,Tagmokitug (CCR8 Antibody),0,upcoming
1000072,Meeting,Other,2026-09-12,World Conference on Lung Cancer (WCLC) ,0,upcoming
1000073,MNKD,Phase1,2026-09-30,MNKD 201 (nintedanib DPI),0,upcoming
1000074,SCYX,Phase1,2026-09-30,SCY-247,0,upcoming
1000075,CNTX,Phase1,2026-09-30,CT-95,0,upcoming
1000076,CLDX,Phase1,2026-09-30,CDX-622,0,upcoming
1000077,GPCR,Phase1,2026-09-30,ACCG-2671,0,upcoming
1000078,BOLT,Phase1,2026-09-30,BDC-4182,0,upcoming
1000079,CGEM,Phase1,2026-09-30,CLN-978 (CD19xCD3),0,upcoming
1000080,TECX,Phase1,2026-09-30,TX2100,0,upcoming
1000081,FDMT,Phase1/2,2026-09-30,4D-150,0,upcoming
1000082,MBX,Phase3,2026-09-30,Canvuparatide (MBX 2109),0,upcoming
1000083,BMEA,Phase1,2026-09-30,BMF-650 (GLP-1 RA),0,upcoming
1000084,Meeting,Other,2026-10-11,International Cytokine and Interferons Society (Cytokines 2026) ,0,upcoming
1000085,Meeting,Other,2026-10-18,International Cytokine and Interferons Society (Cytokines 2026),0,upcoming
1000086,Meeting,Other,2026-10-19,European Society for Medical Oncology (ESMO) ,0,upcoming
1000087,Meeting,Other,2026-10-21,ASN Kidney Week,0,upcoming
1000088,Meeting,Other,2026-10-23,European Society for Medical Oncology (ESMO),0,upcoming
1000089,GANX,Phase1,2026-10-31,GT-02287,0,upcoming
1000090,Meeting,Other,2026-11-04,Society for Immunotherapy of Cancer (SITC),0,upcoming
1000091,Meeting,Other,2026-11-05,AASLD The Liver Meeting,0,upcoming
1000092,Meeting,Other,2026-11-06,American Heart Association (AHA),0,upcoming
1000093,Meeting,Other,2026-11-14,ObesityWeek,0,upcoming
1000094,Meeting,Other,2026-11-16,The Clinical Trials on Alzheimer's Disease (CTAD),0,upcoming
1000095,Meeting,Other,2026-12-08,San Antonio Breast Cancer Symposium (SABCS),0,upcoming
1000096,ANAB,PDUFA,2026-12-12,Imsidolimab (ANB019) (anti-IL-36R),0,upcoming
1000097,Meeting,Other,2026-12-12,American Society of Hematology (ASH),0,upcoming
1000098,RHHBY,PDUFA,2026-12-18,Giredestrant,0,upcoming
1000099,MLYS,PDUFA,2026-12-22,Lorundrostat,0,upcoming
1000100,ACLX,PDUFA,2026-12-23,Anito-cel (anitocabtagene autoleucel)(CART-ddBCMA),0,upcoming
1000101,VTRS,PDUFA,2026-12-27,Meloxicam (MR-107A-02),0,upcoming
1000102,COGT,PDUFA,2026-12-30,Bezuclastinib (CGT9486) (KIT exon 17 inhibitor) ,0,upcoming
1000103,ARGX,Phase3,2026-12-30,Empasiprubart,0,upcoming
1000104,APVO,Phase1/2,2026-12-31,Mipletamig (APVO436) +/- Venetoclax + Azacitidine,0,upcoming
1000105,NCNA,Phase1/2,2026-12-31,NUC-7738 (ProTide) +/- pembrolizumab,0,upcoming
1000106,NRIX,Phase1,2026-12-31,Zelebrudomide (NX-2127),0,upcoming
1000107,DTIL,Phase1,2026-12-31,Azer-cel (PBCAR0191) (azercabtagene zapreleucel),0,upcoming
1000108,IMCR,Phase1/2,2026-12-31,IMC-F106C (Brenetafusp),0,upcoming
1000109,INAB,Phase1,2026-12-31,INB-100,0,upcoming
1000110,MRNA,Phase1,2026-12-31,mRNA-1574,0,upcoming
1000111,NVS,Phase3,2026-12-31,Delpacibart Etedesiran (Del-desiran) (AOC 1001),0,upcoming
1000112,MDNAF,Phase1/2,2026-12-31,MDNA11 (IL-2),0,upcoming
1000113,ADCT,Phase1,2026-12-31,ZYNLONTA (Loncastuximab Tesirine) + COLUMVI (glofitamab),0,upcoming
1000114,NBTX,Phase1,2026-12-31,JNJ-1900 (NBTXR3) + Anti-PD-1,0,upcoming
1000115,FATE,Phase1,2026-12-31,"FT819 (CAR-19, TCR-KO)",0,upcoming
1000116,DSGN,Phase1/2,2026-12-31,DT-216P2,0,upcoming
1000117,ORIC,Phase1,2026-12-31,Enozertinib (ORIC-114),0,upcoming
1000118,IMCR,Phase1/2,2026-12-31,IMC-M113V (Gag-A02),0,upcoming
1000119,RLAY,Phase1/2,2026-12-31,RLY-2608 + fulvestrant + ribociclib (triplet),0,upcoming
1000120,DNLI,Phase1/2,2026-12-31,TAK-594/DNL593 (PTV:PGRN),0,upcoming
1000121,ANNX,Phase1,2026-12-31,ANX1502,0,upcoming
1000122,RIGL,Phase1,2026-12-31,R289,0,upcoming
1000123,INMB,Phase1/2,2026-12-31,INKmune™,0,upcoming
1000124,YMAB,Phase1,2026-12-31,GD2-SADA,0,upcoming
1000125,RARE,Phase1/2,2026-12-31,UX701,0,upcoming
1000126,NBTX,Phase1,2026-12-31,RT + NBTXR3  ,0,upcoming
1000127,NBTX,Phase1,2026-12-31,RT + NBTXR3 ,0,upcoming
1000128,NBTX,Phase1/2,2026-12-31,RT + NBTXR3 + Chemotherapy,0,upcoming
1000129,CADL,Phase1,2026-12-31,CAN-3110,0,upcoming
1000130,DVAX,Phase1/2,2026-12-31,Z-1018 (adjuvanted w/ CpG 1018),0,upcoming
1000131,IMTX,Phase1,2026-12-31,TCER® IMA402 (PRAME),0,upcoming
1000132,SNDX,Phase1,2026-12-31,Revumenib (SNDX-5613) w/ venetoclax and azacitidine,0,upcoming
1000133,GNPX,Phase1/2,2026-12-31,REQORSA (quaratusugene ozeplasmid) + Tecentriq,0,upcoming
1000134,KRYS,Phase1,2026-12-31,KB407,0,upcoming
1000135,CMPX,Phase1,2026-12-31,CTX-8371,0,upcoming
1000136,KURA,Phase1,2026-12-31,Ziftomenib + gilteritinib,0,upcoming
1000137,LSTA,Phase1/2,2026-12-31,LSTA1 + gemcitabine/nab-paclitaxel,0,upcoming
1000138,KRYS,Phase1,2026-12-31,KB408,0,upcoming
1000139,AZTR,Phase1,2026-12-31,ATR12-351 (ATR-12),0,upcoming
1000140,NKTX,Phase1,2026-12-31,NKX019 (CAR NK cell therapy),0,upcoming
1000141,IMTX,Phase1,2026-12-31,ACTengine® IMA203CD8  GEN2 (PRAME) ,0,upcoming
1000142,AUTL,Phase1,2026-12-31,obe-cel  (AUTO1) (CD19) ,0,upcoming
1000143,NXTC,Phase1,2026-12-31,LNCB74 (B7-H4 ADC),0,upcoming
1000144,NMRA,Phase1,2026-12-31,NMRA-511,0,upcoming
1000145,CTMX,Phase1,2026-12-31,CX-2051,0,upcoming
1000146,CTMX,Phase1,2026-12-31,CX-801 +/- KEYTRUDA,0,upcoming
1000147,ARVN,Phase1,2026-12-31,ARV-102,0,upcoming
1000148,CRSP,Phase1,2026-12-31,CTX310 (ANGPTL3),0,upcoming
1000149,XNCR,Phase1,2026-12-31,XmAb819 (ENPP3 x CD3),0,upcoming
1000150,XNCR,Phase1,2026-12-31,XmAb541 (CLDN6 x CD3),0,upcoming
1000151,AZTR,Phase1/2,2026-12-31,ATR-04,0,upcoming
1000152,BRNS,Phase1,2026-12-31,VTP-1000,0,upcoming
1000153,KRYS,Phase1/2,2026-12-31,Inhaled KB707,0,upcoming
1000154,VYGR,Phase1,2026-12-31,VY7523 (formerly VT- TAU01) [anti-tau antibody],0,upcoming
1000155,CGEM,Phase1,2026-12-31,CLN-978 (CD19xCD3),0,upcoming
1000156,IMMP,Phase1,2026-12-31,IMP761 (LAG-3 agonist) ,0,upcoming
1000157,KYTX,Phase1,2026-12-31,KYV-101,0,upcoming
1000158,TNGX,Phase1/2,2026-12-31,Vopimetostat (TNG462),0,upcoming
1000159,SRRK,Phase1,2026-12-31,SRK-439,0,upcoming
1000160,FBRX,Phase1,2026-12-31,FB102,0,upcoming
1000161,DAWN,Phase1,2026-12-31,DAY301 (formerly MTX-13),0,upcoming
1000162,ARVN,Phase1,2026-12-31,ARV-393,0,upcoming
1000163,RXRX,Phase1/2,2026-12-31,REC-1245,0,upcoming
1000164,NKTX,Phase1,2026-12-31,NKX019 (CAR NK cell therapy),0,upcoming
1000165,KURA,Phase1,2026-12-31,Ziftomenib + imatinib,0,upcoming
1000166,BEAM,Phase1/2,2026-12-31,BEAM-301,0,upcoming
1000167,ANAB,Phase1,2026-12-31,ANB033 (anti-CD122 antagonist antibody),0,upcoming
1000168,ALLO,Phase1,2026-12-31,ALLO-329 [CD19/CD70 Dual CAR],0,upcoming
1000169,NBP,Phase2,2026-12-31,Uliledlimab (TJD5) (TJ004309) +/- toripalimab & +/- pembrolizumab,0,upcoming
1000170,LXEO,Phase1/2,2026-12-31,LX2020,0,upcoming
1000171,ARWR,Phase1/2,2026-12-31,ARO-INHBE,0,upcoming
1000172,BCRX,Phase1,2026-12-31,BCX17725,0,upcoming
1000173,OKUR,Phase1,2026-12-31,OKI-219 +/- Fulvestrant or Trastuzumab,0,upcoming
1000174,NRIX,Phase1,2026-12-31,Bexobrutideg (NX-5948),0,upcoming
1000175,TNGX,Phase1/2,2026-12-31,TNG456,0,upcoming
1000176,VIR,Phase1,2026-12-31,VIR-5818 + Pembrolizumab,0,upcoming
1000177,ARWR,Phase1/2,2026-12-31,ARO-ALK7,0,upcoming
1000178,CRSP,Phase1,2026-12-31,CTX112,0,upcoming
1000179,IMCR,Phase1,2026-12-31,IMC-P115C (PRAME-HLE-A02),0,upcoming
1000180,IDYA,Phase1,2026-12-31,IDE849 (SHR-4849),0,upcoming
1000181,GLUE,Phase1,2026-12-31,MRT-8102,0,upcoming
1000182,ELDN,Phase1,2026-12-31,Tegoprubart (AT-1501),0,upcoming
1000183,SLDB,Phase1,2026-12-31,SGT-212 (dual route),0,upcoming
1000184,PYXS,Phase1/2,2026-12-31,"Micvotabart pelidotin (MICVO, formerly PYX-201) + KEYTRUDA® (pembrolizumab)",0,upcoming
1000185,VRDN,Phase1,2026-12-31,VRDN-008,0,upcoming
1000186,CMPX,Phase1,2026-12-31,CTX-10726 (PD-1 x VEGF-A bispecific antibody),0,upcoming
1000187,VXRT,Phase1,2026-12-31,Second Generation Oral Norovirus Vaccine,0,upcoming
1000188,ACRS,Phase1,2026-12-31,ATI-052,0,upcoming
1000189,APGE,Phase1,2026-12-31,APG279 (APG777 + APG990),0,upcoming
1000190,CABA,Phase1/2,2026-12-31,Rese-cel (formerly CABA-201),0,upcoming
1000191,ALXO,Phase1,2026-12-31,ALX2004,0,upcoming
1000192,NRIX,Phase1,2026-12-31,GS-6791 (NX-0479),0,upcoming
1000193,AUTL,Phase1,2026-12-31,Obecabtagene Autoleucel (Obe-Cel),0,upcoming
1000194,CGEM,Phase1,2026-12-31,CLN-978 (CD19xCD3),0,upcoming
1000195,GRTX,Phase1/2,2026-12-31,Tilarginine + nab-paclitaxel + alpelisib ,0,upcoming
1000196,KYMR,Phase1,2026-12-31,KT-579,0,upcoming
1000197,KURA,Phase1,2026-12-31,KO-2806 +cabozantinib,0,upcoming
1000198,ORIC,Phase1,2026-12-31,Enozertinib (ORIC-114) + amivantamab  SC,0,upcoming
1000199,BCAX,Phase1,2026-12-31,Ficerafusp alfa -/+ Pembrolizumab,0,upcoming
1000200,XENE,Phase1,2026-12-31,XEN1120 (Kv7 channel opener),0,upcoming
1000201,XENE,Phase1,2026-12-31,XEN1701 (Nav1.7 candidate),0,upcoming
1000202,CATX,Phase1/2,2026-12-31,[212Pb]VMT-α-NET,0,upcoming
1000203,ERAS,Phase1,2026-12-31,ERAS-4001,0,upcoming
1000204,ZLAB,Phase1,2026-12-31,Zocilurtatug pelitecan (formerly ZL-1310),0,upcoming
1000205,INBX,Phase1/2,2026-12-31,INBRX-106,0,upcoming
1000206,ZLAB,Phase1,2026-12-31,ZL-1503,0,upcoming
1000207,MBX,Phase1,2026-12-31,MBX 4291,0,upcoming
1000208,UTHR,Phase1,2026-12-31,miroliverELAP,0,upcoming
1000209,TGTX,Phase1,2026-12-31,Azercabtagene zapreleucel (azer-cel),0,upcoming
1000210,KRYS,Phase1/2,2026-12-31,KB801,0,upcoming
1000211,DVAX,Phase1/2,2026-12-31,CpG 1018,0,upcoming
1000212,INCY,Phase1,2026-12-31,INCB160058,0,upcoming
1000213,MOLN,Phase1/2,2026-12-31,MP0712 (212Pb x DLL3),0,upcoming
1000214,ARWR,Phase1/2,2026-12-31,ARO-MAPT,0,upcoming
1000215,KTTA,Phase1,2026-12-31,PAS-004,0,upcoming
1000216,KYTX,Phase1,2026-12-31,KYV-101,0,upcoming
1000217,CATX,Phase1/2,2026-12-31,PSV359,0,upcoming
1000218,ACET,Phase1,2026-12-31,ADI-001,0,upcoming
1000219,ARVN,Phase1,2026-12-31,ARV-806,0,upcoming
1000220,NMRA,Phase1,2026-12-31,NMRA-898,0,upcoming
1000221,MRNA,Phase1/2,2026-12-31,mRNA-2808,0,upcoming
1000222,NRIX,Phase1,2026-12-31,Zelebrudomide (BTK Degrader),0,upcoming
1000223,ETON,Phase1,2026-12-31,ET-700 (Extended-Release Drug),0,upcoming
1000224,MGNX,Phase1,2026-12-31,MGC028 (ADAM9-Targeted ADC),0,upcoming
1000225,ETON,Phase1,2026-12-31,ET-700 (Extended-Release Drug),0,upcoming
1000226,AUTL,Phase1,2026-12-31,AUTO8 (BCMA & CD19) (BCMA CD19 CAR-T),0,upcoming
1000227,MGNX,Phase1,2026-12-31,MGC028 (ADAM9-Targeted ADC),0,upcoming
1000228,AUTL,Phase1,2026-12-31,AUTO8 (BCMA & CD19) (BCMA CD19 CAR-T),0,upcoming
1000229,IDYA,Phase1,2026-12-31,IDE034 (B7H3/PTK7 TOP1 ADC),0,upcoming
1000230,AURA,Phase1,2026-12-31,Belzupacap Sarotalocan (AU-011) (Virus-Like Conjugate),0,upcoming
1000231,ENTA,Phase1,2026-12-31,EDP-978 (KIT Inhibitor),0,upcoming
1000232,LYEL,Phase1,2026-12-31,LYL273 (GCC CAR-T),0,upcoming
1000233,ENTX,Phase1,2026-12-31,OPK-88006 (GLP-1/Glucagon Agonist),0,upcoming
1000234,ACIU,Phase1,2026-12-31,ACI-19764 (NLRP3 Inhibitor),0,upcoming
1000235,IPSC,Phase1/2,2026-12-31,CNTY-101,0,upcoming
1000236,FBRX,Phase1,2026-12-31,FB102 (Anti-CD122 Antibody),0,upcoming
1000237,IRON,Phase1,2026-12-31,DISC-3405 (Hepcidin Induction),0,upcoming
1000238,SANA,Phase1,2026-12-31,SG293 (In Vivo CAR-T),0,upcoming
1000239,FATE,Phase1,2026-12-31,FT836 (CAR T Cell),0,upcoming
1000240,RCUS,Phase1,2026-12-31,Casdatifan (AB521) (HIF-2a Inhibitor),0,upcoming
1000241,RCUS,Phase1,2026-12-31,Casdatifan (AB521) (HIF-2a Inhibitor),0,upcoming
1000242,KRYS,Phase1,2026-12-31,KB111 (HSV-1 Gene Therapy),0,upcoming
1000243,DNTH,Phase1,2026-12-31,LBL-047 (DNTH212) (BDCA2/TACI Inhibitor),0,upcoming
1000244,NRIX,Phase1,2026-12-31,Bexobrutideg (NX-5948) (BTK Degrader),0,upcoming
1000245,JANX,Phase1,2026-12-31,JANX011 (CD19 Bispecific),0,upcoming
1000246,ZEAL,Phase1,2026-12-31,ZP9830 (Kv1.3 Channel Blocker),0,upcoming
1000247,AVBP,Phase1,2026-12-31,ARR-217/MRG007 (CDH17-Targeted ADC),0,upcoming
1000248,SEPN,Phase1,2026-12-31,SEP-479 (PTH1R Agonist),0,upcoming
1000249,ONC,Phase1/2,2026-12-31,BGB-45035 (IRAK4 Degrader),0,upcoming
1000250,IMNM,Phase1,2026-12-31,IM-1021 (ROR1 ADC),0,upcoming
1000251,ZBIO,Phase1,2026-12-31,ZB021 (IL-17AA/AF Inhibitor),0,upcoming
1000252,IDYA,Phase1,2026-12-31,IDE849 + IDE161 (TOP1-PARG Combination),0,upcoming
1000253,IDYA,Phase1,2026-12-31,IDE849 + IDE161 (PARG-ADC Combination),0,upcoming
1000254,PTHS,Phase1/2,2026-12-31,CT2000 (NaV1.7 Inhibitor),0,upcoming
1000255,IMTX,Phase1,2026-12-31,ACTengine® IMA203CD8  GEN2 (PRAME) ,0,upcoming
1000256,SNDX,Phase1,2026-12-31,Revuforj/Revumenib (SNDX-5613) + Gilteritinib (Menin Inhibitor),0,upcoming
1000257,CLYM,Phase1,2026-12-31,Budoprutug (CD19 Antibody),0,upcoming
1000258,IMTX,Phase1,2026-12-31,ACTengine® IMA203CD8  GEN2 (PRAME) ,0,upcoming
1000259,IMTX,Phase1,2026-12-31,IMA203CD8 (TCR Cell Therapy),0,upcoming
1000260,IMTX,Phase1,2026-12-31,ACTengine® IMA203CD8  GEN2 (PRAME) ,0,upcoming
1000261,SPTX,Phase1,2026-12-31,GlyphAllo/Glyph Allopregnanolone (SPT-300) (Neuroactive Steroid),0,upcoming
1000262,COAG,Phase1/2,2026-12-31,HMB-002,0,upcoming
1000263,AGMB,Phase1,2026-12-31,AGMB-447,0,upcoming
1000264,PBLS,Phase1/2,2026-12-31,Zolucatetide (FOG-001),0,upcoming
1000265,CGTX,Phase2,2027-01-01,Zervimesine (CT1812) ,0,upcoming
1000266,NUVB,PDUFA,2027-01-04,IBTROZI (Taletrectinib) (ROS1 inhibitor),0,upcoming
1000267,PRAX,PDUFA,2027-01-29,Ulixacaltamide (PRAX-944) (T-type calcium channel blocker) ,0,upcoming
1000268,TECX,Phase2,2027-02-15,TX45,0,upcoming
1000269,TECX,Phase2,2027-02-15,TX45,0,upcoming
1000270,CGEM,PDUFA,2027-02-27,Zipalertinib,0,upcoming
1000271,PSTV,Phase2,2027-03-31,REYOBIQ (Rhenium Re186 Obisbemeda),0,upcoming
1000272,PYPD,PDUFA,2027-03-31,D-PLEX-100,0,upcoming
1000273,OCUL,Phase3,2027-03-31,AXPAXLI (OTX-TKI) (axitinib intravitreal implant),0,upcoming
1000274,ANVS,Phase3,2027-03-31,Buntanetap (ANVS401),0,upcoming
1000275,DYN,Phase1/2,2027-03-31,DYNE-101,0,upcoming
1000276,MIRM,Phase2,2027-03-31,Volixibat  ,0,upcoming
1000277,REPL,Phase2/3,2027-03-31,RP2 + Opdivo ,0,upcoming
1000278,ATXS,Phase3,2027-03-31,navenibart (STAR-0215),0,upcoming
1000279,COYA,Phase2,2027-03-31,COYA 302,0,upcoming
1000280,LXRX,Phase3,2027-03-31,ZYNQUISTA™ (sotagliflozin),0,upcoming
1000281,LXRX,Phase1,2027-03-31,LX9851,0,upcoming
1000282,KZIA,Phase1,2027-03-31,Paxalisib (GDC-0084),0,upcoming
1000283,NAMS,Phase3,2027-03-31,Obicetrapib,0,upcoming
1000284,CBIO,Phase1/2,2027-03-31,CR-001,0,upcoming
1000285,CBIO,Phase1/2,2027-03-31,CR-003 (Topoisomerase Inhibitor ADC),0,upcoming
1000286,AKBA,Phase1,2027-03-31,AKB-9090 (HIF-PH Inhibitor),0,upcoming
1000287,AKBA,Phase1,2027-03-31,AKB-9090 (HIF-PH Inhibitor),0,upcoming
1000288,QNCX,Phase2,2027-03-31,Rapamycin/Sirolimus (LAM-001) (mTOR Inhibitor),0,upcoming
1000289,QNCX,Phase2,2027-03-31,Sirolimus/Rapamycin (LAM-001) (mTOR Inhibitor),0,upcoming
1000290,AKTS,Phase1,2027-03-31,[225Ac]Ac-AKY-1189 (AKY-1189),0,upcoming
1000291,TAK,PDUFA,2027-03-31,Entyvio/Vedolizumab (Vedolizumab) (Integrin Inhibitor),0,upcoming
1000292,NBTX,Phase3,2027-06-30,NBTXR3 +/- Cetuximab,0,upcoming
1000293,RXRX,Phase2,2027-06-30,REC-4881,0,upcoming
1000294,ETNB,Phase3,2027-06-30,Pegozafermin (BIO89-100) (FGF21 analog) ,0,upcoming
1000295,ADVM,Phase3,2027-06-30,Ixoberogene soroparvovec (Ixo-vec) (ADVM-022) (AAV.7m8-aflibercept),0,upcoming
1000296,XENE,Phase3,2027-06-30,XEN1101,0,upcoming
1000297,ADAG,Phase2,2027-06-30,Muzastotug (ADG126) + KEYTRUDA® (pembrolizumab),0,upcoming
1000298,TARS,Phase2,2027-06-30,TP-05,0,upcoming
1000299,CRIS,Phase1/2,2027-06-30,CA-4948 (emavusertib)+/- ibrutinib,0,upcoming
1000300,PROK,Phase3,2027-06-30,Rilparencel (REACT®),0,upcoming
1000301,FDMT,Phase3,2027-06-30,4D-150,0,upcoming
1000302,MGTX,Phase2,2027-06-30,AAV2-hAQP1,0,upcoming
1000303,JANX,Phase1,2027-06-30,JANX007 (PSMA-TRACTr),0,upcoming
1000304,PRTA,Phase2,2027-06-30,BMS-986446 (PRX005),0,upcoming
1000305,RARE,Phase3,2027-06-30,DTX301 ,0,upcoming
1000306,XLO,Phase1/2,2027-06-30,Efarindodekin Alfa (XTX301),0,upcoming
1000307,HRMY,Phase3,2027-06-30,EPX-100 (clemizole hydrochloride),0,upcoming
1000308,ANRO,Phase2,2027-06-30,ALTO-300,0,upcoming
1000309,PCVX,Phase2,2027-06-30,VAX-31 (PCV Infant),0,upcoming
1000310,RXRX,Phase1,2027-06-30,REC-617,0,upcoming
1000311,MGNX,Phase2,2027-06-30,Lorigerlimab monotherapy,0,upcoming
1000312,RXRX,Phase1,2027-06-30,REC-3565,0,upcoming
1000313,TARS,Phase2,2027-06-30,TP-04,0,upcoming
1000314,RCUS,Phase3,2027-06-30,Quemliclustat + Gemcitabine/Nab-Paclitaxel v.s. Gemcitabine/Nab-Paclitaxel,0,upcoming
1000315,ERAS,Phase1,2027-06-30,ERAS-0015,0,upcoming
1000316,HRMY,Phase3,2027-06-30,EPX-100 (clemizole hydrochloride),0,upcoming
1000317,KLRS,Phase1/2,2027-06-30,TH103,0,upcoming
1000318,VOR,Phase3,2027-06-30,Telitacicept,0,upcoming
1000319,WHWK,Phase1,2027-06-30,HWK-007,0,upcoming
1000320,JUNS,Phase2,2027-06-30,JOTROL (Resveratrol),0,upcoming
1000321,WHWK,Phase1,2027-06-30,HWK-016 (MUC16 Targeted ADC),0,upcoming
1000322,ZURA,Phase2,2027-06-30,Tibulizumab (ZB-106) (Bispecific Antibody),0,upcoming
1000323,DNLI,Phase1,2027-06-30,DNL628 (Tau-Targeting Oligonucleotide),0,upcoming
1000324,SPTX,Phase2,2027-06-30,GlyphAllo/Glyph Allopregnanolone (SPT-300) (Neuroactive Steroid),0,upcoming
1000325,MESO,Phase3,2027-08-15,Rexlemestrocel,0,upcoming
1000326,CABA,Phase3,2027-08-15,Rese-cel (formerly CABA-201),0,upcoming
1000327,RNAC,Phase3,2027-08-15,Descartes-08,0,upcoming
1000328,ALLO,Phase2,2027-08-15,Cemacabtagene Ansegedleucel (cema-cel),0,upcoming
1000329,DAWN,Phase3,2027-08-15,OJEMDA™ (Tovorafenib) (DAY101) ,0,upcoming
1000330,BCAX,Phase2/3,2027-08-15,Ficerafusp alfa + Pembrolizumab,0,upcoming
1000331,ANRO,Phase2,2027-08-15,ALTO-100,0,upcoming
1000332,ABVX,Phase2,2027-08-15,Obefazimod,0,upcoming
1000333,BIIB,Phase3,2027-08-15,Zorevunersen,0,upcoming
1000334,KYMR,Phase2,2027-08-15,KT-621 (Oral STAT6 Degrader),0,upcoming
1000335,ALXO,Phase2,2027-08-15,Evorpacept (ALX148) + Trastuzumab + Chemotherapy (CD47 Blocker),0,upcoming
1000336,XENE,Phase1,2027-12-31,XEN901/NBI-921352,0,upcoming
1000337,IMCR,Phase1/2,2027-12-31,IMC-R117C [PIWIL1-A02 targeted],0,upcoming
1000338,RXRX,Phase1,2027-12-31,REC-4539,0,upcoming
1000339,JBIO,Phase1,2027-12-31,JADE201,0,upcoming
1000340,CORT,Phase1,2027-12-31,Nenocorilant + Nivolumab (GR Antagonist),0,upcoming
1000341,IBIO,Phase1,2027-12-31,IBIO-600 (Myostatin Antibody),0,upcoming
1000342,PCVX,Phase1,2027-12-31,VAX-A1 (Protein Vaccine),0,upcoming
1000343,SNSE,Phase1/2,2027-12-31,Piktor (PI3K/mTOR Inhibitor),0,upcoming
1000344,NBIX,Phase1,2027-12-31,NBIP-2118 (CRF2 Peptide Agonist),0,upcoming
1000345,IFRX,Phase1/2,2027-12-31,Izicopan (C5aR Inhibitor),0,upcoming
1000346,RAPP,Phase1,2027-12-31,RAP-219 Long-Acting Injectable (RAP-219) (TARPγ8 NAM),0,upcoming
1000347,IMTX,Phase1,2027-12-31,IMA401/IMA402 (TCR Bispecific Combination),0,upcoming
1000348,IMTX,Phase1,2027-12-31,IMA401/IMA402 (TCR Bispecific Combination),0,upcoming
1000349,AKTS,Phase1,2027-12-31,[225Ac]Ac-AKY-2519 (AKY-2519),0,upcoming
1000350,SNDX,Phase3,2028-03-31,Axatilimab (SNDX-6352) + Steroids,0,upcoming
1000351,DCTH,Phase2,2028-08-15,HEPZATO™,0,upcoming
1000352,IMRX,Phase3,2028-08-15,Atebimetinib (IMM-1-104) (MEK Inhibitor),0,upcoming
1000353,BOLD,Phase1/2,2028-12-31,BBI-940,0,upcoming
1000354,CNTX,Phase1,2026-12-31,CTIM-76,0,upcoming
1000355,TAK,PDUFA,2026-09-30,Oveporexton (Orexin Agonist),0,upcoming
1000356,VSTM,Phase1/2,2026-06-23,GFH375 (VS-7375),0,upcoming
1000357,OTLK,PDUFA,2026-07-29,ONS-5010 / LYTENAVA™ (bevacizumab-vikg),0,upcoming
1000358,HCWB,Phase1,2026-12-31,HCW9302,0,upcoming
1000359,INBX,PDUFA,2027-04-14,Ozekibart (INBRX-109) (DR5 agonist),0,upcoming
1000360,EWTX,Phase3,2026-12-31,EDG-7500,0,upcoming
1000361,NBP,Phase1,2026-12-31,Givastomig (TJ-CD4B/ABL111) combo w/ nivolumab + chemo,0,upcoming
1000362,BIOA,Phase2,2026-12-31,BGE-102,0,upcoming
1000363,OCUL,Other,2026-12-31,AXPAXLI (OTX-TKI) (axitinib intravitreal implant),0,upcoming
1000364,CNTB,Phase2,2026-09-15,Rademikibart /CBP-201 ,0,upcoming
1000365,CNTB,Phase2,2026-09-30,Rademikibart /CBP-201,0,upcoming
1000366,KARD,Phase2,2027-06-30,Ataciguat,0,upcoming
1000367,KARD,Phase2,2027-06-30,Tonlamarsen,0,upcoming
1000368,KARD,Phase2,2027-06-30,Danicamtiv,0,upcoming
1000369,LGVN,Phase2,2026-07-13,Lomecel-B (laromestrocel),0,upcoming
1000370,RHHBY,PDUFA,2027-02-09,Lunsumio + Polivy,0,upcoming
1000371,RHHBY,PDUFA,2027-02-09,Lunsumio VELO/Mosunetuzumab + Polivy (CD20xCD3 Bispecific),0,upcoming
1000372,TCRX,Phase3,2026-06-30,TSC-101,0,upcoming
1000373,TSHA,Phase1/2,2026-07-31,TSHA-102 ,0,upcoming
1000374,MLTX,Other,2026-09-30,Sonelokimab,0,upcoming
1000375,MLTX,Other,2026-09-30,Sonelokimab,0,upcoming
1000376,TSHA,Phase1/2,2027-06-30,TSHA-102,0,upcoming
1000377,DFTX,Phase3,2027-12-31,MM120 (lysergide D-tartrate),0,upcoming
1000378,REGN,PDUFA,2026-11-30,Cemdisiran,0,upcoming
1000379,GALT,Phase3,2026-09-30,Belapectin (GR-MD-02),0,upcoming
1000380,RGNX,Other,2026-09-30,RGX-202,0,upcoming
1000381,ABSI,Phase1/2,2026-12-31,ABS-201,0,upcoming
1000382,MCRB,Phase1,2026-07-08,SER-155 (Live Biotherapeutic),0,upcoming
1000383,PRQR,Phase1,2026-12-31,AX-0810,0,upcoming
1000384,KYMR,Phase2,2026-12-31,KT-621 (Oral STAT6 Degrader),0,upcoming
1000385,RVMD,Phase1/2,2026-07-02,RMC-6236 (RASMULTI),0,upcoming
1000386,RVMD,Phase1/2,2026-07-02,RMC-9805 (KRASG12D),0,upcoming
1000387,AGEN,Phase1,2026-07-02,Botensilimab/Balstilimab (AGEN1181/AGEN2034) (CTLA-4 PD-1 Blockade),0,upcoming
1000388,RVMD,Phase1/2,2026-07-02,Zoldonrasib/Daraxonrasib (RMC-9805 + RMC-6236) (RAS(ON) Inhibitors),0,upcoming
1000389,CVKD,Phase2,2026-07-12,CAD-1005 (12-Lox Inhibitor),0,upcoming
1000390,VSTM,Phase1/2,2026-12-31,GFH375 (VS-7375),0,upcoming
1000391,ASND,Phase2,2026-06-29,TransCon hGH/TransCon CNP combination,0,upcoming
1000392,INCY,Phase1/2,2026-07-13,VGA039 (Protein S Antibody),0,upcoming
1000393,REPL,PDUFA,2026-08-02,RP1 + Opdivo (nivolumab),0,upcoming
1000394,MDNAF,Phase2,2026-12-31,MDNA55 (Bizaxofusp),0,upcoming
1000395,EVMN,Other,2026-06-29,EVO756 (MRGPRX2 Antagonist),0,upcoming
1000396,NGNE,Phase3,2027-12-31,NGN-401 ,0,upcoming
1000397,HELP,Phase2,2026-09-30,CYB004 (Deuterated Dimethyltryptamine Intramuscular),0,upcoming
1000398,BIIB,Phase2,2026-07-14,BIIB080 (tau ASO),0,upcoming
1000399,RGNX,Phase2,2026-07-31,"Surabgene lomparvovec (sura-vec, ABBV-RGX-314) (Suprachoroidal Delivery)",0,upcoming
1000400,LLY,PDUFA,2026-12-31,Pirtobrutinib,0,upcoming
1000401,DNTH,Phase3,2028-12-31,Claseprubart (DNTH103),0,upcoming
1000402,GANX,Phase2,2026-09-30,GT-02287,0,upcoming
1000403,JAGX,Other,2027-08-15,Crofelemer powder,0,upcoming
1000404,RHHBY,PDUFA,2026-10-15,Enspryng/Satralizumab (Satralizumab) (IL-6 Receptor Inhibitor),0,upcoming
1000405,DSGN,Phase1,2027-12-31,DT-818 (GeneTAC Modulator),0,upcoming
1000406,FDMT,Phase1/2,2026-07-18,4D-150,0,upcoming
1000407,NAMS,Phase2,2026-07-13,Obicetrapib,0,upcoming
1000408,OSTX,Phase2,2026-09-15,OST-HER2,0,upcoming
1000409,SANA,Phase1,2026-10-02,UP421,0,upcoming
1000410,INTS,Phase1/2,2026-12-31,INT230-6 (Intratumoral Cytotoxic),0,upcoming
1000411,TENX,Phase3,2026-08-29,TNX-103 (Oral Levosimendan),0,upcoming
1000412,SION,Phase2,2026-08-31,SION-719,0,upcoming
1000413,CMPS,Phase3,2026-07-31,COMP360 (Psilocybin),0,upcoming
1000414,DFTX,Phase3,2026-07-31,DT120 (formerly MM120; lysergide D-tartrate),0,upcoming
1000415,BIVI,Phase2,2026-08-31,Bezisterim (NE3107),0,upcoming
1000416,OSTX,Phase2,2026-09-22,OST-HER2,0,upcoming
1000417,OLMA,Phase3,2026-11-30,OP-1250 (palazestrant) (CER antagonist) ,0,upcoming
1000418,PHVS,PDUFA,2027-04-23,Deucrictibant immediate-release capsules (PHVS416),0,upcoming
1000419,CYTK,Phase3,2026-08-28,Aficamten,0,upcoming
1000420,CMPS,Other,2026-12-31,COMP360 (Psilocybin),0,upcoming
1000421,VCNX,Phase1/2,2026-07-13,Pepinemab,0,upcoming
1000422,ACIU,Phase1,2026-07-15,ACI-19626 (TDP-43-PET tracer),0,upcoming
1000423,AGIO,PDUFA,2026-11-01,PYRUKYND (Mitapivat),0,upcoming
1000424,ARQT,PDUFA,2027-02-23,ZORYVE® (ARQ-151) topical roflumilast cream 0.05%,0,upcoming
1000425,IMNM,PDUFA,2027-04-28,Varegacestat (Gamma Secretase Inhibitor),0,upcoming
1000426,VXRT,Phase2,2027-12-31,VXA-CoV2-1 oral pill,0,upcoming
1000427,IONS,Phase3,2026-08-15,Eplontersen (AKCEA-TTR-LRx) ,0,upcoming
1000428,QTTB,Phase3,2027-06-30,Bempikibart (ADX-914) ,0,upcoming
1000429,BMY,PDUFA,2027-05-13,Mezigdomide (CELMoD Modulator),0,upcoming
1000430,ALGS,Phase2,2027-09-30,Pevifoscorvir sodium (ALG-000184),0,upcoming
1000431,ALKS,Phase2,2026-12-31,ALKS 2680 (RDC-264177),0,upcoming
1000432,ENLV,Phase2,2027-06-30,Allocetra (Immunotherapy),0,upcoming
1000433,KURA,Phase1,2026-07-24,KO-2806 +cabozantinib,0,upcoming
1000434,PMN,Phase1,2026-09-30,PMN310,0,upcoming
1000435,GUTS,Phase2,2026-11-15,Revita,0,upcoming
1000436,MANE,Phase2/3,2027-06-30,Minoxidil (VDPHL01) (Potassium Channel Opener),0,upcoming
1000437,FDMT,Phase2,2026-07-18,4D-150,0,upcoming
1000438,IDYA,Phase2,2026-10-23,Darovasertib ,0,upcoming
1000439,IDYA,Phase2,2026-10-23,Darovasertib (IDE196) + crizotinib ,0,upcoming
1000440,IDYA,Phase1,2026-10-23,IDE849 (SHR-4849),0,upcoming
1000441,EVAX,Phase2,2026-10-24,EVX-01 + pembrolizumab,0,upcoming
1000442,MRK,Phase2,2026-07-29,Islatravir (MK-8591) + Ulonivirine (MK-8507) (Reverse Transcriptase Inhibition),0,upcoming
1000443,MRK,Phase3,2026-07-29,Islatravir (MK-8591) + Lenacapavir (GS-6207) (Reverse Transcriptase/Capsid Inhibition),0,upcoming
1000444,MRK,Phase3,2026-07-29,Doravirine/Islatravir (MK-8591) (Reverse Transcriptase Inhibitor),0,upcoming
1000445,AXSM,PDUFA,2027-05-01,AXS-12 (reboxetine) (NE reuptake inhibitor) ,0,upcoming
1000446,MOLN,Phase2,2027-12-31,MP0317 + Durvalumab + SoC,0,upcoming
1000447,IDYA,Phase2/3,2026-10-23,Darovasertib (IDE196) + crizotinib,0,upcoming
1000448,ANL,Phase1,2027-06-30,AN9025 (Pan-RAS Inhibitor),0,upcoming
1000449,ALNY,Phase2,2028-12-31,Mivelsiran (ALN-APP) ,0,upcoming
1000450,OSTX,Phase2,2026-08-31,OST-HER2,0,upcoming
1000451,RFL,Phase3,2026-12-31,Trappsol® Cyclo™ (hydroxypropyl-beta-cyclodextrin),0,upcoming
1000452,VNDA,PDUFA,2026-12-12,Imsidolimab (IL-36 Inhibitor),0,upcoming
1000453,ACAD,Phase2,2026-09-30,ACP-204,0,upcoming
1000454,IMTX,Phase1,2026-10-19,TCER® IMA402 (PRAME),0,upcoming
1000455,IMTX,Phase1,2026-10-19,ACTengine® IMA203CD8  GEN2 (PRAME) ,0,upcoming
1000456,IMTX,Phase1,2026-10-19,ACTengine® IMA203CD8  GEN2 (PRAME) ,0,upcoming
1000457,IMTX,Phase1,2026-10-19,ACTengine® IMA203CD8  GEN2 (PRAME) ,0,upcoming
1000458,IMTX,Phase1,2026-10-19,IMA203CD8 (TCR Cell Therapy),0,upcoming
1000459,IMTX,Phase1,2026-10-19,ACTengine® IMA203CD8  GEN2 (PRAME) ,0,upcoming
1000460,CATX,Phase1/2,2026-10-23,[212Pb]VMT-α-NET,0,upcoming
1000461,AGEN,Phase2,2026-10-25,Botensilimab/Balstilimab (AGEN1181/AGEN2034) (CTLA-4/PD-1 Blockade),0,upcoming
1000462,BHVN,Phase1,2026-10-23,BHV-1530,0,upcoming
1000463,CMPX,Phase2/3,2026-10-24,Tovecimig  (CTX-009) (DLL4 and VEGF-A bispecific antibody),0,upcoming
1000464,AGEN,Phase1,2026-10-26,Botensilimab (AGEN1181)  + balstilimab,0,upcoming
1000465,DYN,PDUFA,2027-01-21,DYNE-251,0,upcoming
1000466,KTTA,Phase1,2026-10-23,PAS-004,0,upcoming
1000467,IPHA,Phase1,2026-12-31,IPH4502,0,upcoming
1000468,NKTR,Phase3,2028-08-15,Rezpegaldesleukin (NKTR-358),0,upcoming
1000469,CRIS,Phase2,2026-07-31,Emavusertib (CA-4948) (IRAK4/FLT3 Inhibitor),0,upcoming
1000470,ARWR,Phase3,2026-08-30,Plozasiran (ARO-APOC3) ,0,upcoming
1000471,CLDX,Phase3,2026-09-30,Barzolvolimab (CDX-0159) (KIT receptor) ,0,upcoming
1000472,BBIO,PDUFA,2027-05-08,Encaleret ,0,upcoming
1000473,GSK,PDUFA,2026-11-27,Neladalkib (NVL-655) (ALK Inhibitor),0,upcoming
1000474,PFE,PDUFA,2026-12-31,Talzenna/Talazoparib + Xtandi/Enzalutamide (BMN 673 + MDV3100) (PARP Inhibitor),0,upcoming
1000475,BEAM,Phase1/2,2026-09-08,BEAM-302,0,upcoming
1000476,MGNX,Phase1,2026-10-23,MGC026,0,upcoming
1000477,IMMP,Phase2,2026-10-19,Eftilagimod Alpha + Pembrolizumab,0,upcoming
1000478,PSTV,Phase2,2026-08-13,REYOBIQ (Rhenium Re186 Obisbemeda),0,upcoming
1000479,GMAB,Phase2/3,2026-12-31,Epkinly/Epcoritamab (GEN3013) (CD3-CD20 Bispecific) + R-CHOP,0,upcoming
1000480,AVIR,Phase3,2027-02-15,Bemnifosbuvir + Ruzasvir (RZR),0,upcoming
1000481,ARWR,Phase3,2027-08-15,Zodasiran (ARO-ANG3),0,upcoming
1000482,PYPD,PDUFA,2026-11-28,D-PLEX-100,0,upcoming
1000483,GSK,PDUFA,2026-09-18,Zidesamtinib (NVL-520),0,upcoming
1000484,IPSEY,Other,2026-12-31,Tazemetostat + rituximab + lenalidomide,0,upcoming
1000485,SXTP,Phase2,2026-10-06,Arakoda (Tafenoquine),0,upcoming
1000486,BCYC,Phase2/3,2026-12-31,"Zelenectide pevedotin (zele, formerly BT8009)",0,upcoming
1000487,APRE,Phase1,2026-12-31,APR-1051,0,upcoming
1000488,OPK,Phase1,2026-12-31,MDX2301 (Tetravalent Bispecific Antibody),0,upcoming
1000489,OPK,Phase1/2,2027-06-30,MDX2004,0,upcoming
1000490,IRON,Phase2,2026-09-30,DISC-3405 (formerly MWTX-003),0,upcoming
1000491,MBRX,Phase2/3,2026-12-31,Annamycin + Ara-C (Cytarabine),0,upcoming
1000492,HOWL,Phase1,2026-12-31,WTX-124 +/- pembrolizumab (IL-2 INDUKINE™),0,upcoming
1000493,HOWL,Phase1/2,2026-12-31,WTX-330 (IL-2 INDUKINE™),0,upcoming
1000494,CALC,Phase1,2027-08-15,Auxora/Zegocractin (Zegocractin) (CRAC Channel Inhibitor),0,upcoming
1000495,EVMN,Phase2,2027-12-31,EVO756 (MRGPRX2 Antagonist),0,upcoming
1000496,CUE,Phase2,2026-09-30,CUE-221 (Anti-IgE Antibody),0,upcoming
1000497,CORT,PDUFA,2026-12-17,Relacorilant,0,upcoming
1000498,AGIO,Phase1,2026-12-31,AG-181,0,upcoming
1000499,QURE,Phase1/2,2027-06-30,AMT-260,0,upcoming
1000500,HCM,Phase2,2027-12-31,IMG-007 (OX40 Antagonist),0,upcoming
1000501,ALT,Phase3,2029-12-31,Pemvidutide (ALT-801) (GLP-1R/GCGR),0,upcoming
1000502,DSGN,Phase1/2,2027-03-31,DT-216P2,0,upcoming
1000503,KRYS,Phase1/2,2027-06-30,Inhaled KB707,0,upcoming
1000504,KRYS,Phase1,2027-12-31,KB408,0,upcoming
1000505,DSGN,Phase2,2027-12-31,DT-168,0,upcoming
1000506,CRBP,Phase1,2026-09-30,CRB-913,0,upcoming
1000507,HRMY,Phase1,2026-12-31,BP1.15205,0,upcoming
1000508,HRMY,Phase3,2027-08-15,WAKIX® (pitolisant),0,upcoming
1000509,HRMY,PDUFA,2027-04-01,WAKIX/Pitolisant GR (H3 Antagonist),0,upcoming
1000510,KROS,Phase2,2027-06-30,KER-065,0,upcoming
1000511,DFTX,Phase3,2026-09-30,DT120 (formerly MM120; lysergide D-tartrate),0,upcoming
1000512,RAPP,Phase2,2026-10-31,RAP-219,0,upcoming
1000513,TYRA,Phase2,2027-03-31,TYRA-300,0,upcoming
1000514,TYRA,Phase2,2026-09-30,TYRA-300,0,upcoming
1000515,NVCT,Phase1,2026-10-23,NXP200 (BRAF Inhibitor),0,upcoming
1000516,QTTB,Phase2,2026-12-31,Bempikibart (ADX-914) ,0,upcoming
1000517,STOK,Phase1,2027-06-30,STK-002,0,upcoming
1000518,ARVN,Phase1,2027-06-30,ARV-027 (PolyQ-AR Degrader),0,upcoming
1000519,TYRA,Phase2,2027-12-31,Dabogratinib (TYRA-300) (FGFR3 Inhibitor),0,upcoming
1000520,PEPG,Phase2,2026-11-30,PGN-EDODM1,0,upcoming
1000521,ABCL,Phase2,2026-08-31,ABCL635,0,upcoming
1000522,AMLX,Phase1,2026-09-30,AMX0114,0,upcoming
1000523,MIRM,Phase3,2026-09-30,Brelovitug (HBsAg Antibody),0,upcoming
1000524,CHRS,Phase2,2026-10-31,Casdozokitug (casdozo) combination,0,upcoming
1000525,CHRS,Phase1,2026-10-31,Tagmokitug (CCR8 Antibody),0,upcoming
1000526,PRAX,PDUFA,2026-12-27,Relutrigine (PRAX-562),0,upcoming
1000527,TNYA,Phase1/2,2026-12-31,TN-401,0,upcoming
1000528,PRAX,Phase2/3,2026-12-31,Vormatrigine (PRAX-628),0,upcoming
1000529,ABCL,Phase1,2026-12-31,ABCL575,0,upcoming
1000530,IMCR,Phase1/2,2027-03-31,IMC-M113V (Gag-A02),0,upcoming
1000531,RNAC,Phase3,2027-03-31,Descartes-08,0,upcoming
1000532,BMEA,Phase2,2027-03-31,BMF-219 (icovamenib) + GLP-1-based therapy,0,upcoming
1000533,AVTX,Phase3,2027-06-30,AVTX-009,0,upcoming
1000534,VNDA,Phase3,2027-06-30,Bysanti™ (milsaperidone),0,upcoming
1000535,BMEA,Phase2,2027-06-30,Icovamenib + GLP-1 based therapy,0,upcoming
1000536,XNCR,Phase1,2027-12-31,XmAb541 (CLDN6 x CD3),0,upcoming
1000537,CHRS,Phase1/2,2026-08-15,Toripalimab +/- CHS-006 (anti-TIGIT) (anti-PD-1),0,upcoming
1000538,CLYM,Phase1,2026-09-03,CLYM116 (Anti-APRIL Antibody),0,upcoming
1000539,GENB,Phase1,2026-09-08,GB-0895,0,upcoming
1000540,ACET,Phase1,2026-09-30,ADI-001 (allogeneic CAR gamma-delta T cell therapy),0,upcoming
1000541,RXRX,Phase2,2026-11-02,REC-4881 ,0,upcoming
1000542,SRPT,Phase1/2,2026-12-31,SRP-1003,0,upcoming
1000543,SRPT,Phase1/2,2026-12-31,SRP-1001,0,upcoming
1000544,DTIL,Phase1/2,2026-12-31,PBGENE-DMD,0,upcoming
1000545,CGEM,Phase1/2,2026-12-31,Velinotamig (BCMAxCD3) (T Cell Engager),0,upcoming
1000546,ROIV,Phase3,2028-12-31,Brepocitinib ,0,upcoming
1000547,IMVT,Phase2,2028-12-31,IMVT-1402 (FcRn Inhibitor),0,upcoming
1000548,ZLAB,Phase2/3,2026-09-30,VYVGART/Efgartigimod Alfa (FcRn Blocker),0,upcoming
1000549,IOVA,Phase2,2026-10-23,Amtagvi/Lifileucel (LN-144) (TIL Therapy),0,upcoming
1000550,ORIC,Phase1,2026-10-31,Enozertinib (ORIC-114),0,upcoming
1000551,ZLAB,PDUFA,2026-11-30,Povetacicept (Pove) (APRIL/BAFF Inhibitor),0,upcoming
1000552,SNDX,Phase1/2,2026-12-31,Revumenib (SNDX-5613) + venetoclax + decitabine and cedazuridine,0,upcoming
1000553,CGON,Phase3,2026-12-31,Cretostimogene,0,upcoming
1000554,ARQT,Phase2,2026-12-31,ZORYVE/Roflumilast (ARQ-154) (PDE4 Inhibitor),0,upcoming
1000555,CLYM,Phase1/2,2026-12-31,Budoprutug (CD19 Antibody),0,upcoming
1000556,OCGN,Phase3,2027-03-31,OCU400,0,upcoming
1000557,RNAC,Phase1/2,2027-06-30,Descartes-08,0,upcoming
1000558,RNAC,Phase2,2027-06-30,Descartes-08,0,upcoming
1000559,XNCR,Phase1,2027-06-30,XmAb412 (TL1A/IL23p19 Bispecific),0,upcoming
1000560,ZLAB,Phase1,2027-06-30,ZL-6201 (LRRC15 ADC),0,upcoming
1000561,TOVX,Phase2,2027-09-30,VCN-01 (zabilugene almadenorepvec) (Oncolytic Adenovirus),0,upcoming
1000562,TVTX,Phase2,2027-12-31,Sparsentan ,0,upcoming
1000563,DFTX,Phase3,2026-08-10,DT120 (formerly MM120; lysergide D-tartrate),0,upcoming
1000564,ENTX,Phase3,2026-12-31,Next-Gen EB613 (PTH Agonist),0,upcoming
1000565,SLDB,Phase1,2027-03-31,SGT-212 (dual route),0,upcoming
1000566,ZNTL,Phase2,2027-06-30,Azenosertib (ZN-c3) (oral inhibitor of WEE1) mono,0,upcoming
1000567,CTMX,Phase1,2027-06-30,CX-801 +/- KEYTRUDA,0,upcoming
1000568,DNLI,Phase1/2,2027-12-31,TAK-594/DNL593 (PTV:PGRN),0,upcoming
1000569,TENX,Phase3,2026-08-28,TNX-103 (Oral Levosimendan),0,upcoming
1000570,SLN,Phase3,2027-06-30,Divesiran,0,upcoming
1000571,CRVS,Phase1/2,2026-12-31,Soquelitinib (CPI-818) ,0,upcoming
1000572,PBYI,Phase2,2026-12-31,Alisertib,0,upcoming
1000573,VRCA,Phase3,2027-08-15,YCANTH (VP-102),0,upcoming
1000574,DNLI,Phase1,2027-12-31,DNL921 (Abeta TransportVehicle),0,upcoming
1000575,ARCT,Phase2,2026-09-30,ARCT-810 ,0,upcoming
1000576,CLLS,Phase2,2026-12-31,UCART22,0,upcoming
1000577,CLLS,Phase1,2026-12-31,UCART20x22,0,upcoming
1000578,ATYR,Phase2,2027-03-31,Efzofitimod,0,upcoming
1000579,DNLI,Phase2,2027-06-30,BIIB122 (DNL151),0,upcoming
1000580,TECX,Phase2,2029-03-31,TX45,0,upcoming
1000581,ORKA,Phase2,2026-09-30,ORKA-001,0,upcoming
1000582,OLMA,Phase3,2027-03-31,OP-1250 (palazestrant) (CER antagonist) ,0,upcoming
1000583,SEPN,Phase1,2027-03-31,SEP-479 (PTH1R Agonist),0,upcoming
1000584,MLTX,Phase3,2027-06-30,Sonelokimab ,0,upcoming
1000585,TNXP,Phase2,2027-08-15,TNX-102 SL ,0,upcoming
1000586,IPSEY,Phase3,2027-12-31,Navtemadlin (MDM2 Inhibitor),0,upcoming
1000587,GPCR,Phase2,2026-09-30,Aleniglipron (GSBR-1290),0,upcoming
1000588,GPCR,Phase2,2026-12-31,Aleniglipron (GSBR-1290),0,upcoming
1000589,KYTX,Phase2,2026-09-30,KYV-101,0,upcoming
1000590,TARA,Phase3,2026-12-31,IV Choline chloride,0,upcoming
1000591,DMAC,Phase2/3,2027-03-31,DM199 (KLK1 protein),0,upcoming
1000592,CRDF,Phase3,2027-03-31,Onvansertib + SOC (FOLFIRI + bevacizumab or FOLFOX + bevacizumab),0,upcoming
1000593,AUTL,Phase1,2027-03-31,Obecabtagene Autoleucel (Obe-Cel),0,upcoming
1000594,UPB,Phase2,2026-09-05,Verekitug,0,upcoming
1000595,CCCC,Phase1,2026-09-23,Cemsidomide (CFT7455) +/- dexamethasone,0,upcoming
1000596,DMAC,Phase2,2026-09-30,Rinvecalinase Alfa (DM199) (KLK1 Protein),0,upcoming
1000597,CNSY,Phase2,2027-03-31,REYOBIQ (Rhenium Re186 Obisbemeda),0,upcoming
1000598,BLTE,PDUFA,2027-02-12,Tinlarebant (LBS-008) ,0,upcoming
1000599,SPRY,Phase2,2027-03-31,neffy® (epinephrine nasal spray),0,upcoming
1000600,ORKA,Phase2,2027-03-31,ORKA-002,0,upcoming
1000601,ORKA,Phase2,2027-03-31,ORKA-002 (IL-17A/F Antibody),0,upcoming
1000602,STRO,Phase1,2027-06-30,STRO-004,0,upcoming
1000603,CNTB,Phase1,2026-03-31,Rademikibart (CBP-201) (Th2 Cell Modulator),0,upcoming
1000604,VTGN,Phase3,2026-09-30,Fasedienol (PH94B),0,upcoming
1000605,LGVN,Phase2,2026-09-30,Lomecel-B (laromestrocel),0,upcoming
1000606,VALN,Phase2,2026-09-30,Shigella4V2 (S4V2) ,0,upcoming
1000607,EIKN,Phase2,2026-10-26,EIK1001,0,upcoming
1000608,ANNX,Phase1,2026-11-15,ANX1502,0,upcoming
1000609,PYXS,Phase1,2026-11-15,"Micvotabart pelidotin (MICVO, formerly PYX-201)",0,upcoming
1000610,INKT,Phase2,2027-03-31,AgenT-797 ,0,upcoming
1000611,AVBP,Phase3,2026-12-31,Firmonertinib,0,upcoming
1000612,MPLT,Phase3,2028-12-31,ML-007C-MA (Undisclosed Mechanism),0,upcoming
1000613,CNSY,Phase2,2026-09-30,REYOBIQ (Rhenium Re186 Obisbemeda),0,upcoming
1000614,GHRS,Phase2,2026-09-30,GH001 (inhalable mebufotenin) (5-MeO-DMT) ,0,upcoming
1000615,AARD,Phase3,2026-09-30,ARD-101,0,upcoming
1000616,EIKN,Phase1/2,2026-10-23,EIK1003,0,upcoming
1000617,EIKN,Phase1/2,2026-10-23,EIK1004,0,upcoming
1000618,PBLS,Phase1/2,2026-10-23,Zolucatetide (FOG-001),0,upcoming
1000619,EIKN,Phase1/2,2026-10-23,EIK1003 (Selective PARP1 Inhibitor),0,upcoming
1000620,TCRX,Phase1,2026-12-31,TSC-101,0,upcoming
1000621,CRBU,Phase1,2026-12-31,CB-011,0,upcoming
1000622,OVID,Phase2,2026-12-31,OV329 (GABA-AT inhibitor),0,upcoming
1000623,ALMS,Phase2,2026-12-31,ESK-001,0,upcoming
1000624,FBIO,Phase2,2026-12-31,Triplex,0,upcoming
1000625,CELC,Phase1,2026-12-31,Gedatolisib + darolutamide (Nubeqa®),0,upcoming
1000626,ZYME,Phase1,2026-12-31,Pasritamig (Bispecific Antibody),0,upcoming
1000627,VERA,Phase2,2026-12-31,Atacicept,0,upcoming
1000628,VERA,Phase2,2026-12-31,Atacicept,0,upcoming
1000629,JSPR,Phase2,2026-12-31,Vensobafusp Alfa (KP-104) (Dual Complement Inhibitor),0,upcoming
1000630,PMN,Phase1,2027-03-31,PMN310,0,upcoming
1000631,FATE,Phase1,2027-06-30,FT836 (CAR T Cell),0,upcoming
1000632,IOVA,Phase1/2,2027-06-30,Amtagvi/Lifileucel (LN-144) (TIL Therapy),0,upcoming
1000633,IOVA,Phase1/2,2027-06-30,Amtagvi/Lifileucel (LN-144) (TIL Therapy),0,upcoming
1000634,BCRX,Phase3,2027-09-30,Navenibart (Plasma Kallikrein Inhibitor),0,upcoming
1000635,PLRX,Phase1,2027-12-31,PLN-101095,0,upcoming
1000636,LXEO,Phase3,2027-12-31,LX2006,0,upcoming
1000637,ALT,Phase2,2027-12-31,Pemvidutide (ALT-801) (GLP-1R/GCGR),0,upcoming
1000638,AKBA,Phase2,2027-12-31,AKB-097 (Complement Inhibitor),0,upcoming
1000639,AKBA,Phase2,2027-12-31,AKB-097 (Complement Inhibitor),0,upcoming
1000640,CLYM,Phase1,2027-12-31,Budoprutug (CD19 Antibody),0,upcoming
1000641,QNCX,Phase2,2028-03-31,Sirolimus/Rapamycin (LAM-001) (mTOR Inhibitor),0,upcoming
1000642,QNCX,Phase2,2028-03-31,Rapamycin/Sirolimus (LAM-001) (mTOR Inhibitor),0,upcoming
1000643,EYPT,Phase3,2026-12-31,DURAVYU™ (vorolanib intravitreal insert) (EYP-1901),0,upcoming
1000644,PHVS,Phase3,2026-09-04,Deucrictibant immediate-release capsules (PHVS416),0,upcoming
1000645,ALZN,Phase1/2,2026-09-29,AL001,0,upcoming
1000646,INBX,Phase2,2026-09-30,INBRX-106 (OX40 agonist) + Keytruda ,0,upcoming
1000647,ANL,Phase1,2026-11-04,AN4005 (PD-L1 Inhibitor),0,upcoming
1000648,ADCT,Phase3,2026-12-31,ZYNLONTA (Loncastuximab Tesirine) + rituximab,0,upcoming
1000649,AMLX,Other,2026-12-31,Avexitide,0,upcoming
1000650,ANL,Phase2,2027-06-30,Buparlisib/AN2025 in comb w/chemoradiotherapy and radiotherapy,0,upcoming
1000651,PBLS,Phase1/2,2027-06-30,Zolucatetide (FOG-001) (Beta-Catenin Inhibitor),0,upcoming
1000652,UTHR,Phase3,2027-12-31,Tyvaso (inhaled treprostinil),0,upcoming
1000653,MDWD,Phase3,2027-03-31,EscharEx,0,upcoming
1000654,ZBIO,PDUFA,2027-05-27,Obexelimab (CD19xFcyRIIb),0,upcoming
1000655,IMTX,Phase3,2027-06-30,ACTengine® IMA203 GEN1 (PRAME),0,upcoming
1000656,VALN,Phase3,2027-08-13,VLA15,0,upcoming
1000657,DTIL,Phase1/2,2026-08-27,ECUR-506,0,upcoming
1000658,IONS,Phase3,2026-08-28,Eplontersen (AKCEA-TTR-LRx) ,0,upcoming
1000659,IONS,Phase1,2026-08-28,ION775 (ApoC-III Silencing),0,upcoming
1000660,BNTX,Phase3,2026-09-14,BNT316 (ONC-392),0,upcoming
1000661,CGEM,Phase3,2026-09-14,Zipalertinib,0,upcoming
1000662,BNTX,Phase1/2,2026-09-15,Pumitamig/Elfetabart Drozuntecan (BNT327/BMS986545 + BNT324/DB-1311) (Bispecific ADC Combination),0,upcoming
1000663,TEVA,PDUFA,2027-03-31,Ecopipam (D1 Receptor Antagonist),0,upcoming
