instance	n	best_known_k	our_k	deficit	deficit_pct	official_score	wtime_s
heuristic000	616	424	491	67	15.8	0.4239	19.31
heuristic001	80	61	66	5	8.2	0.5429	19.30
heuristic002	621	317	374	57	18.0	0.6602	19.31
heuristic003	401	147	162	15	10.2	0.8063	19.31
heuristic004	1019	697	798	101	14.5	0.4711	19.31
heuristic005	350	289	323	34	11.8	0.1959	19.30
heuristic006	1244	831	963	132	15.9	0.4629	19.32
heuristic007	300	245	272	27	11.0	0.2592	19.31
heuristic008	621	322	374	52	16.1	0.6824	19.31
heuristic009	453	146	150	4	2.7	0.9460	19.30
heuristic010	421	134	148	14	10.4	0.8020	19.31
heuristic011	261	165	188	23	13.9	0.5782	19.30
heuristic012	80	62	66	4	6.5	0.6049	19.31
heuristic013	1243	798	926	128	16.0	0.5075	19.32
heuristic014	250	200	222	22	11.0	0.3136	19.30
heuristic015	80	59	63	4	6.8	0.6553	19.30
heuristic016	773	515	575	60	11.7	0.5890	19.31
heuristic017	621	312	366	54	17.3	0.6810	19.31
heuristic018	267	135	149	14	10.4	0.7991	19.31
heuristic019	165	134	147	13	9.7	0.3371	19.30
heuristic020	100	77	84	7	9.1	0.4839	19.31
heuristic021	160	131	145	14	10.7	0.2675	19.31
heuristic022	150	121	132	11	9.1	0.3853	19.31
heuristic023	776	474	549	75	15.8	0.5650	19.31
heuristic024	140	114	124	10	8.8	0.3787	19.30
heuristic025	1759	587	683	96	16.4	0.6997	19.31
heuristic026	14734	6417	7342	925	14.4	0.7325	20.00
heuristic027	120	96	102	6	6.2	0.5625	19.31
heuristic028	15692	7046	8057	1011	14.3	0.7336	20.00
heuristic029	14482	6600	7615	1015	15.4	0.7161	19.47
heuristic030	180	146	161	15	10.3	0.3123	19.31
heuristic031	14015	6289	7204	915	14.5	0.7302	20.01
heuristic032	160	128	140	12	9.4	0.3906	19.31
heuristic033	14063	6600	7557	957	14.5	0.7310	19.48
heuristic034	150	121	132	11	9.1	0.3853	19.31
heuristic035	250	199	222	23	11.6	0.3014	19.31
heuristic036	120	93	101	8	8.6	0.4952	19.31
heuristic037	1440	495	543	48	9.7	0.8155	19.30
heuristic038	1361	439	506	67	15.3	0.7181	19.31
heuristic039	307	120	124	4	3.3	0.9344	19.30
heuristic040	200	160	178	18	11.2	0.3025	19.30
heuristic041	4465	2710	3172	462	17.0	0.5428	19.61
heuristic042	1999	1271	1467	196	15.4	0.5340	19.38
heuristic043	2453	1528	1763	235	15.4	0.5564	19.35
heuristic044	1133	680	770	90	13.2	0.6421	19.31
heuristic045	80	59	62	3	5.1	0.7347	19.31
heuristic046	100	63	67	4	6.3	0.7955	19.30
heuristic047	350	223	253	30	13.5	0.5834	19.30
heuristic048	300	175	190	15	8.6	0.7744	19.31
heuristic049	100	65	68	3	4.6	0.8359	19.30
heuristic050	300	173	193	20	11.6	0.7098	19.31
heuristic051	1543	992	1141	149	15.0	0.5323	19.32
heuristic052	602	386	439	53	13.7	0.5695	19.31
heuristic053	100	62	64	2	3.2	0.8975	19.30
heuristic054	300	202	224	22	10.9	0.6014	19.31
heuristic055	200	108	115	7	6.5	0.8536	19.31
heuristic056	180	150	164	14	9.3	0.2844	19.31
heuristic057	2868	1765	2056	291	16.5	0.5420	19.34
heuristic058	1337	847	985	138	16.3	0.5161	19.31
heuristic059	140	108	118	10	9.3	0.4727	19.31
heuristic060	160	131	144	13	9.9	0.3044	19.31
heuristic061	1986	1167	1355	188	16.1	0.5936	19.31
heuristic062	985	606	685	79	13.0	0.6266	19.31
heuristic063	640	349	403	54	15.5	0.6633	19.30
heuristic064	1212	481	527	46	9.6	0.8179	19.31
heuristic065	3011	1846	2135	289	15.7	0.5654	19.32
heuristic066	100	78	85	7	9.0	0.4649	19.30
heuristic067	806	482	556	74	15.4	0.5954	19.31
heuristic068	2592	1563	1847	284	18.2	0.5242	19.38
heuristic069	2550	1449	1702	253	17.5	0.5932	19.37
heuristic070	55	40	42	2	5.0	0.7511	19.30
heuristic071	180	145	161	16	11.0	0.2947	19.30
heuristic072	175	141	157	16	11.3	0.2803	19.30
heuristic073	160	131	144	13	9.9	0.3044	19.31
heuristic074	60	46	49	3	6.5	0.6173	19.30
heuristic075	12718	5259	6043	784	14.9	0.7241	20.00
heuristic076	5874	3363	3960	597	17.8	0.5810	19.58
heuristic077	12348	5298	6088	790	14.9	0.7240	20.01
heuristic078	60	42	43	1	2.4	0.8920	19.31
heuristic079	190	141	157	16	11.3	0.4536	19.30
heuristic080	120	98	105	7	7.1	0.4649	19.31
heuristic081	100	78	85	7	9.0	0.4649	19.30
heuristic082	165	126	139	13	10.3	0.4444	19.30
heuristic083	150	120	128	8	6.7	0.5378	19.30
heuristic084	60	43	46	3	7.0	0.6782	19.31
heuristic085	3483	2030	2358	328	16.2	0.5995	19.45
heuristic086	150	116	126	10	8.6	0.4983	19.30
heuristic087	8273	3384	3837	453	13.4	0.7502	19.89
heuristic088	3723	2216	2591	375	16.9	0.5642	19.33
heuristic089	1658	990	1140	150	15.2	0.6013	19.31
heuristic090	145	112	122	10	8.9	0.4858	19.30
heuristic091	60	44	47	3	6.8	0.6602	19.31
heuristic092	100	76	82	6	7.9	0.5625	19.31
heuristic093	150	118	129	11	9.3	0.4307	19.31
heuristic094	170	131	144	13	9.9	0.4444	19.30
heuristic095	160	125	138	13	10.4	0.3951	19.30
heuristic096	2069	1237	1460	223	18.0	0.5358	19.30
heuristic097	160	127	138	11	8.7	0.4444	19.30
heuristic098	10037	4194	4796	602	14.4	0.7335	19.90
heuristic099	100	78	84	6	7.7	0.5289	19.31
heuristic100	9384	7978	8753	775	9.7	0.2014	20.00
heuristic101	3862	3499	3747	248	7.1	0.1004	19.46
heuristic102	1656	902	1017	115	12.7	0.7182	19.33
heuristic103	1456	880	1010	130	14.8	0.5995	19.31
heuristic104	1686	1385	1539	154	11.1	0.2385	19.32
heuristic105	1376	864	1004	140	16.2	0.5279	19.33
heuristic106	9333	5605	6602	997	17.8	0.5367	20.00
heuristic107	4224	2375	2724	349	14.7	0.6581	19.51
heuristic108	1305	889	1036	147	16.5	0.4181	19.31
heuristic109	1440	882	1034	152	17.2	0.5294	19.34
heuristic110	4669	2714	3150	436	16.1	0.6037	19.58
heuristic111	1491	1081	1245	164	15.2	0.3600	19.33
heuristic112	2976	1993	2303	310	15.6	0.4687	19.42
heuristic113	3027	2143	2427	284	13.3	0.4607	19.40
heuristic114	9720	7949	8789	840	10.6	0.2764	20.00
heuristic115	7317	5256	6048	792	15.1	0.3791	20.00
heuristic116	9824	6014	7007	993	16.5	0.5467	20.00
heuristic117	8964	6170	7125	955	15.5	0.4332	20.01
heuristic118	1587	918	1036	118	12.9	0.6783	19.33
heuristic119	7452	4648	5467	819	17.6	0.5011	20.00
heuristic120	2106	1278	1480	202	15.8	0.5716	19.37
heuristic121	2214	1285	1471	186	14.5	0.6397	19.32
heuristic122	1287	775	894	119	15.4	0.5892	19.32
heuristic123	999	670	786	116	17.3	0.4191	19.31
heuristic124	1566	1005	1180	175	17.4	0.4734	19.31
heuristic125	8393	5527	6413	886	16.0	0.4773	20.00
heuristic126	4368	2499	2889	390	15.6	0.6262	19.33
heuristic127	1638	1027	1175	148	14.4	0.5742	19.34
heuristic128	1971	1192	1393	201	16.9	0.5505	19.33
heuristic129	8405	6209	7015	806	13.0	0.4006	20.00
heuristic130	2691	1799	2113	314	17.5	0.4199	19.45
heuristic131	1608	951	1095	144	15.1	0.6097	19.33
heuristic132	1521	921	1070	149	16.2	0.5650	19.33
heuristic133	1672	999	1164	165	16.5	0.5698	19.31
heuristic134	3996	2404	2818	414	17.2	0.5475	19.35
heuristic135	1776	1476	1646	170	11.5	0.1878	19.34
heuristic136	1644	1009	1167	158	15.7	0.5643	19.34
heuristic137	2096	1442	1673	231	16.0	0.4183	19.33
heuristic138	8124	7063	7658	595	8.4	0.1929	20.00
heuristic139	9846	6668	7726	1058	15.9	0.4450	19.67
heuristic140	2877	1881	2187	306	16.3	0.4799	19.37
heuristic141	1791	1091	1264	173	15.9	0.5668	19.32
heuristic142	1078	742	861	119	16.0	0.4171	19.30
heuristic143	1492	893	1019	126	14.1	0.6235	19.32
heuristic144	1855	1166	1364	198	17.0	0.5078	19.36
heuristic145	2864	2151	2464	313	14.6	0.3147	19.46
heuristic146	9801	6513	7584	1071	16.4	0.4546	19.99
heuristic147	2124	1351	1570	219	16.2	0.5136	19.36
heuristic148	1720	1043	1218	175	16.8	0.5498	19.34
heuristic149	2144	1694	1937	243	14.3	0.2116	19.34
